"id","Company","address","city","phone","email","candidate","start date"
"1","Dach, Nikolaus and Considine","53166 Rau Row","Franeckihaven","95787715","Evie_Corwin44@gmail.com","network engineer","2024-07-01T09:09:00.000"
"2","Bechtelar - Kozey","8332 Buddy Falls","Gustville","33576618","Frances58@yahoo.com","software architect engineer","2024-07-01T09:10:00.000"
"3","McCullough - Kutch","5415 Heathcote Course","South Stevehaven","11330739","Lauren2@hotmail.com","network engineer","2024-07-01T09:11:00.000"
"4","Farrell, Schiller and Goyette","83197 Mohamed Alley","East April","40042218","Marta_Ziemann90@yahoo.com","network engineer","2024-07-01T09:12:00.000"
"5","Rosenbaum, Mosciski and Harvey","88890 Ricardo Branch","Fort Jeanettemouth","34936035","Austin13@yahoo.com","business analyst","2024-07-01T09:13:00.000"
"6","Terry - Lang","2197 Elsie Ridges","Maybellhaven","96476995","Nasir28@gmail.com","software architect engineer","2024-07-01T09:14:00.000"
"7","Zboncak, Dicki and Herman","130 Barbara Loaf","North Ana","89567576","Susanna_Grady80@yahoo.com","software architect engineer","2024-07-01T09:15:00.000"
"8","Kreiger - Schaefer","11303 Parker Corners","Wehnerstad","70184246","Clifford.OReilly82@gmail.com","cloud engineer","2024-07-01T09:16:00.000"
"9","Kling and Sons","5039 Alexane Center","North Skyeberg","29313048","Tremayne57@yahoo.com","data analyst","2024-07-01T09:17:00.000"
"10","Anderson, Schmidt and Hoeger","6915 Jaren Lakes","Jadonberg","25214997","Maybelle_Wilderman@hotmail.com","cloud engineer","2024-07-01T09:18:00.000"
"11","Armstrong LLC","3898 Nikolas Cape","Lake Dasiaview","38043522","Sylvan.Altenwerth@hotmail.com","network engineer","2024-07-01T09:19:00.000"
"12","Rowe - Larkin","80475 Dario Shores","New Trent","41391954","Patrick32@gmail.com","data analyst","2024-07-01T09:20:00.000"
"13","Roberts, Heaney and Rutherford","025 Strosin Spring","Fort Elenorfurt","86745878","Brook_Cassin68@yahoo.com","cloud engineer","2024-07-01T09:21:00.000"
"14","Kreiger, Ullrich and Sawayn","493 Margret Course","Sporerboro","66339818","Kacey.Runolfsson13@gmail.com","network engineer","2024-07-01T09:22:00.000"
"15","Nolan, Brakus and Parisian","45115 Macey Plains","Sandy Springs","03999750","Desmond_Dickinson@yahoo.com","business analyst","2024-07-01T09:23:00.000"
"16","Durgan - Braun","100 Schuyler Rapid","Fort Pierce","01535625","Domenic.Koepp45@hotmail.com","software architect engineer","2024-07-01T09:24:00.000"
"17","Satterfield LLC","81333 Jailyn Greens","Fort Marcelville","13027032","Austen.Hamill15@gmail.com","network engineer","2024-07-01T09:25:00.000"
"18","Doyle Inc","087 Isaac Forges","Selmermouth","36849754","Tracy.Nikolaus@gmail.com","network engineer","2024-07-01T09:26:00.000"
"19","Mills - Kerluke","568 Adell Glen","Marvinland","44507259","Meaghan56@hotmail.com","data analyst","2024-07-01T09:27:00.000"
"20","Emard, Vandervort and Ortiz","911 Bernhard Corners","North Faustinoton","04481681","Nelson.Casper@gmail.com","network engineer","2024-07-01T09:28:00.000"
"21","Bogan, Hackett and Jenkins","5730 Mckayla Fall","Sonyaburgh","69301033","Ericka_Grant16@gmail.com","data analyst","2024-07-01T09:29:00.000"
"22","Brown, Willms and Miller","12359 Cormier Creek","Wilfridfield","83054010","Macey99@yahoo.com","cloud engineer","2024-07-01T09:30:00.000"
"23","Sanford - Wehner","36506 Eldridge Fall","Jadeworth","63823345","Jocelyn0@yahoo.com","network engineer","2024-07-01T09:31:00.000"
"24","Jones, Hyatt and Volkman","1169 Ernser Heights","D'angeloside","99513899","Collin_Collins@hotmail.com","cloud engineer","2024-07-01T09:32:00.000"
"25","Jerde, Conn and Becker","584 Boyer Ways","Port Jarretthaven","07775428","Alek18@hotmail.com","network engineer","2024-07-01T09:33:00.000"
"26","Romaguera, Maggio and Prosacco","7207 Demetris Glens","Josiahbury","93298552","Mohamed56@hotmail.com","data analyst","2024-07-01T09:34:00.000"
"27","Wilkinson, Russel and Stehr","05227 Verda Ramp","Lake Murphystad","14149559","Martin_Jones93@gmail.com","network engineer","2024-07-01T09:35:00.000"
"28","Hansen Group","08019 Carole Parkways","West Darlenestead","02772588","Olaf72@yahoo.com","data analyst","2024-07-01T09:36:00.000"
"29","Ziemann, Pacocha and D'Amore","6500 Spinka Squares","Lake Deniston","31806167","Mark.Shanahan59@yahoo.com","network engineer","2024-07-01T09:37:00.000"
"30","Pacocha Inc","0721 Jacobs Estates","New Graysonmouth","26220888","Dario20@gmail.com","business analyst","2024-07-01T09:38:00.000"
"31","Lind, Kohler and Will","936 Hilton Villages","West Dagmartown","52038604","Eve.Crona@gmail.com","business analyst","2024-07-01T09:39:00.000"
"32","Gerhold Group","1717 Jacinthe Wells","Lemketown","54311629","Freida14@hotmail.com","business analyst","2024-07-01T09:40:00.000"
"33","Kuhlman LLC","3924 Caleb Flat","Harmonfield","02356258","Jailyn68@yahoo.com","software architect engineer","2024-07-01T09:41:00.000"
"34","Daugherty, Keeling and Roob","607 Mosciski Row","Davenport","82890486","Gladyce.Mraz@yahoo.com","software architect engineer","2024-07-01T09:42:00.000"
"35","Mayert - Keeling","3788 Palma Estates","Port Michaelahaven","74774466","Nelson.Buckridge@gmail.com","cloud engineer","2024-07-01T09:43:00.000"
"36","Paucek - Collier","0920 Aleen Forks","Roseville","86600687","Kendra45@yahoo.com","cloud engineer","2024-07-01T09:44:00.000"
"37","Baumbach, Purdy and Weissnat","6391 Hal Corner","Hilo","94860349","Dwight_Homenick@gmail.com","software architect engineer","2024-07-01T09:45:00.000"
"38","Bashirian and Sons","06172 Hilpert Mews","Fort Anais","09819865","Arch.Schaden3@hotmail.com","data analyst","2024-07-01T09:46:00.000"
"39","Fay Group","634 Luz Villages","Stockton","90163774","Cielo_Greenholt@yahoo.com","data analyst","2024-07-01T09:47:00.000"
"40","Zemlak Inc","72299 Elda Burg","Coon Rapids","87502409","Gardner24@gmail.com","network engineer","2024-07-01T09:48:00.000"
"41","Nitzsche - Howell","16026 Welch Way","Fort Rhiannaboro","84881601","Skyla.Hilll@gmail.com","data analyst","2024-07-01T09:49:00.000"
"42","Torp LLC","3714 Cummings Cliff","Schusterfurt","89169681","Lonzo71@gmail.com","data analyst","2024-07-01T09:50:00.000"
"43","Reynolds, Fisher and King","875 Nyasia Pass","Coltenboro","84346838","Connie.Glover@hotmail.com","cloud engineer","2024-07-01T09:51:00.000"
"44","Krajcik and Sons","477 Yost Trafficway","West Des Moines","78456004","Morris99@yahoo.com","cloud engineer","2024-07-01T09:52:00.000"
"45","Dach - Batz","3557 Lacy Vista","Alvahville","84404586","Christian.Fay51@gmail.com","data analyst","2024-07-01T09:53:00.000"
"46","Price, O'Conner and McKenzie","770 Queenie Land","Vandervortstad","80711768","Naomi_Wuckert69@yahoo.com","business analyst","2024-07-01T09:54:00.000"
"47","Stamm, Borer and Hamill","14304 Reggie Crescent","Karelleview","38558790","Sister.Windler85@gmail.com","business analyst","2024-07-01T09:55:00.000"
"48","Schamberger Group","1577 Chauncey Ports","Tulsa","66280900","Jarod_Towne@gmail.com","software architect engineer","2024-07-01T09:56:00.000"
"49","Yundt Inc","43485 Ortiz Meadow","Cedar Park","15505836","Verna_Mayert@gmail.com","network engineer","2024-07-01T09:57:00.000"
"50","Heaney, Crona and Koelpin","416 Sawayn Rest","Colton","35494302","Marta.OReilly@hotmail.com","network engineer","2024-07-01T09:58:00.000"
"51","Stehr, Haag and Olson","812 Simone Parkway","Port Erichborough","49997559","Estelle_Luettgen@gmail.com","data analyst","2024-07-01T09:59:00.000"
"52","Hamill Group","58355 Bauch Junction","South Kenna","71865003","Savanna.Waelchi@gmail.com","cloud engineer","2024-07-01T10:00:00.000"
"53","Lesch, Osinski and Stroman","902 Berge Streets","South Susieburgh","44599690","Duane41@hotmail.com","data analyst","2024-07-01T10:01:00.000"
"54","Bogan - Howell","2481 Denesik Island","Mrazhaven","49739296","Peyton56@yahoo.com","business analyst","2024-07-01T10:02:00.000"
"55","Langworth - Dooley","27967 Oren Ports","East Ike","96998848","Jeffery.Kihn7@gmail.com","software architect engineer","2024-07-01T10:03:00.000"
"56","Gottlieb, Deckow and Bruen","650 Predovic Village","Murrayview","63257268","Zena64@gmail.com","software architect engineer","2024-07-01T10:04:00.000"
"57","Batz Inc","4279 Luettgen Green","South Whittier","44475761","Reymundo.Kuhn@hotmail.com","business analyst","2024-07-01T10:05:00.000"
"58","Waelchi - Spinka","8815 McCullough Way","Ritchiecester","78825590","Leatha_Stamm@gmail.com","cloud engineer","2024-07-01T10:06:00.000"
"59","Armstrong LLC","3646 Orn Greens","Fort Maximo","19171728","Alyce63@yahoo.com","data analyst","2024-07-01T10:07:00.000"
"60","Cassin, Bradtke and Kilback","744 Smitham Coves","West Clint","66988069","Rylee_Ratke@hotmail.com","network engineer","2024-07-01T10:08:00.000"
"61","Schroeder, Oberbrunner and Orn","12100 Goodwin Place","East Jayden","31367162","Layne31@hotmail.com","software architect engineer","2024-07-01T10:09:00.000"
"62","Kassulke - Boehm","4115 Garrick Greens","West Glenda","52847939","Cali29@gmail.com","cloud engineer","2024-07-01T10:10:00.000"
"63","Mayert Inc","912 Kelvin Plains","Port Aglaeberg","78100551","Leslie44@yahoo.com","cloud engineer","2024-07-01T10:11:00.000"
"64","Kautzer, Quitzon and Hagenes","155 Botsford Gardens","Fort Clovisworth","30428528","Kolby79@yahoo.com","software architect engineer","2024-07-01T10:12:00.000"
"65","Skiles, Morissette and Gerlach","9946 Bayer Extensions","Brownmouth","52917683","Guido46@gmail.com","data analyst","2024-07-01T10:13:00.000"
"66","Beahan LLC","73787 Delaney Isle","Fort Ola","25642729","Burnice53@gmail.com","data analyst","2024-07-01T10:14:00.000"
"67","West - Bode","259 Luz Run","Dubuque","59060944","Jovan_Haag@gmail.com","business analyst","2024-07-01T10:15:00.000"
"68","Breitenberg - Kuhn","79898 Angelica Points","Roweburgh","88847881","Sidney78@gmail.com","business analyst","2024-07-01T10:16:00.000"
"69","Reynolds Group","343 Abelardo Viaduct","Bentonville","39952045","Sophie63@hotmail.com","business analyst","2024-07-01T10:17:00.000"
"70","Adams - Reichert","425 Pauline Mission","Fort Myron","40108996","Kianna77@hotmail.com","software architect engineer","2024-07-01T10:18:00.000"
"71","Lakin, Beier and Simonis","565 Beier Plaza","Damionfurt","25041204","Earl20@yahoo.com","network engineer","2024-07-01T10:19:00.000"
"72","Volkman, Runolfsdottir and Okuneva","0259 May Forges","Donnellyboro","67382959","Maida_Pacocha@hotmail.com","business analyst","2024-07-01T10:20:00.000"
"73","Turcotte, Renner and Schoen","2593 Cremin Club","Walkerside","49350319","Corine21@hotmail.com","software architect engineer","2024-07-01T10:21:00.000"
"74","Connelly and Sons","359 Hipolito Wells","Portage","03805819","Nyasia.Mayer@hotmail.com","data analyst","2024-07-01T10:22:00.000"
"75","Keebler, Medhurst and O'Conner","0838 Hulda Club","Hintzton","41078477","Imogene.Lindgren20@hotmail.com","business analyst","2024-07-01T10:23:00.000"
"76","Waters, Rippin and Ullrich","832 Schiller Spring","North Cathycester","52320794","Anya_Witting43@yahoo.com","network engineer","2024-07-01T10:24:00.000"
"77","Sanford LLC","7804 Reynold Groves","Nadiaside","99905343","Barney.Mraz7@yahoo.com","network engineer","2024-07-01T10:25:00.000"
"78","Moen, Feest and Swift","38684 Halvorson Vista","Port Dan","41070767","Erik.Howe37@gmail.com","network engineer","2024-07-01T10:26:00.000"
"79","Collins, Ortiz and Schuppe","8556 Abshire Passage","New Maureenberg","58723589","Lonnie17@yahoo.com","data analyst","2024-07-01T10:27:00.000"
"80","Quitzon Group","6210 Keebler Flats","Jayceeside","92316867","Yadira.Marks50@gmail.com","data analyst","2024-07-01T10:28:00.000"
"81","Blick, Waelchi and O'Hara","603 Bradford Cliff","Jazmyneberg","04346757","Arch_Sauer65@yahoo.com","cloud engineer","2024-07-01T10:29:00.000"
"82","Wehner - Cole","48866 Bauch Square","Doloresview","10126365","Lilliana_Wolf@yahoo.com","network engineer","2024-07-01T10:30:00.000"
"83","Grant - Jacobson","291 Larkin Springs","New Xzavier","86075537","Romaine77@yahoo.com","business analyst","2024-07-01T10:31:00.000"
"84","Schmeler - Toy","702 Gleason Point","Haverhill","10874964","Devonte39@hotmail.com","network engineer","2024-07-01T10:32:00.000"
"85","Carter and Sons","4758 Wyman Junction","Auerfort","92212955","Rafael.Champlin@yahoo.com","data analyst","2024-07-01T10:33:00.000"
"86","Funk - McCullough","24804 Branson Manors","Halvorsonberg","66964298","Kelli0@yahoo.com","business analyst","2024-07-01T10:34:00.000"
"87","Stark Inc","153 O'Keefe Mission","Cristianview","83584484","Kevin14@gmail.com","network engineer","2024-07-01T10:35:00.000"
"88","Schmitt Group","09544 Osinski Circles","South Jordan","09633310","Lauretta49@gmail.com","network engineer","2024-07-01T10:36:00.000"
"89","Hermiston Group","309 Casimir Mountain","Breitenbergworth","23304638","Stan22@yahoo.com","cloud engineer","2024-07-01T10:37:00.000"
"90","Waters - Hansen","48121 Stehr Route","Lake Bethanybury","81461973","Freddie_Wolff47@hotmail.com","business analyst","2024-07-01T10:38:00.000"
"91","Mills Inc","5283 Pagac Plaza","New Camron","02292823","Mary75@gmail.com","business analyst","2024-07-01T10:39:00.000"
"92","Hessel, Lebsack and Mertz","256 Bernhard Manor","Emiliestead","95161738","Carolyn4@yahoo.com","software architect engineer","2024-07-01T10:40:00.000"
"93","McLaughlin, Schinner and Kemmer","332 Erna Island","Howardworth","85384230","Eriberto.Ledner1@gmail.com","software architect engineer","2024-07-01T10:41:00.000"
"94","Herzog, Bednar and Hegmann","314 Helmer Harbor","Nikkichester","16965944","Nicola_Beer31@gmail.com","data analyst","2024-07-01T10:42:00.000"
"95","Kozey - Bernhard","52655 Sauer Springs","Charleston","00934088","Vivien8@hotmail.com","cloud engineer","2024-07-01T10:43:00.000"
"96","Little - Legros","4932 Waelchi Extension","West Tyrelltown","00667378","Virgil.Reichert@yahoo.com","data analyst","2024-07-01T10:44:00.000"
"97","Williamson, Bernhard and Lynch","4846 Stark Extensions","Beattystad","80449858","Ewell_Lemke14@hotmail.com","cloud engineer","2024-07-01T10:45:00.000"
"98","Schuster LLC","2769 Ben Pike","South Delbert","51380528","Rusty.Schumm83@yahoo.com","data analyst","2024-07-01T10:46:00.000"
"99","Stehr - Cronin","8771 Jannie Radial","New Michele","44511750","Ricardo_Barton@hotmail.com","software architect engineer","2024-07-01T10:47:00.000"
"100","Murphy and Sons","461 Kacie Pike","Rorycester","08757363","Nola4@yahoo.com","cloud engineer","2024-07-01T10:48:00.000"
"101","Schinner - Beatty","485 Winona Square","Spinkaborough","71663343","Roberto48@yahoo.com","business analyst","2024-07-01T10:49:00.000"
"102","Tillman - Hilll","231 Constantin Villages","Vadaton","19524112","Nels95@yahoo.com","cloud engineer","2024-07-01T10:50:00.000"
"103","Hermiston LLC","5954 Lueilwitz Drive","Sterling Heights","75847299","Malachi43@yahoo.com","business analyst","2024-07-01T10:51:00.000"
"104","Berge - Hackett","648 Wunsch Burgs","East Elouiseberg","70194314","Sarai.Mills54@gmail.com","cloud engineer","2024-07-01T10:52:00.000"
"105","Balistreri - Armstrong","251 Jenkins Curve","Lincoln","97315976","Josephine.Kautzer@hotmail.com","network engineer","2024-07-01T10:53:00.000"
"106","Jerde - Brakus","15002 Okuneva Springs","South Sylvanborough","43698455","Shakira.Durgan7@gmail.com","data analyst","2024-07-01T10:54:00.000"
"107","Gutkowski - Schuster","1499 Gusikowski Extension","New Mario","92654839","Judson_Koss@gmail.com","cloud engineer","2024-07-01T10:55:00.000"
"108","Feeney - Rice","1407 Keebler Brooks","Brownboro","09168258","Norwood.Reilly@hotmail.com","network engineer","2024-07-01T10:56:00.000"
"109","Cartwright - Rowe","62059 Pfannerstill Corner","North Maciburgh","18444687","Benny.Kling@gmail.com","software architect engineer","2024-07-01T10:57:00.000"
"110","Parker Inc","80476 Wyman Corner","Jalonfort","76382173","Charlene0@yahoo.com","software architect engineer","2024-07-01T10:58:00.000"
"111","Medhurst, Jast and Haley","87301 Lang Cove","Elberttown","96037906","Claire_Steuber@hotmail.com","data analyst","2024-07-01T10:59:00.000"
"112","Nitzsche - Runolfsson","9747 Mafalda Island","West Peterstead","07293631","Elenora72@yahoo.com","software architect engineer","2024-07-01T11:00:00.000"
"113","Koss - Tromp","0311 Krystina Summit","New Guiseppeland","50737591","Damon_Brakus96@hotmail.com","data analyst","2024-07-01T11:01:00.000"
"114","Prosacco Group","64774 Kuphal Cliffs","Elenorburgh","94575673","Ari_Willms10@yahoo.com","data analyst","2024-07-01T11:02:00.000"
"115","Powlowski and Sons","152 Briana Rapids","South Ignatius","92227805","Emerald_Hills9@gmail.com","business analyst","2024-07-01T11:03:00.000"
"116","Krajcik - O'Hara","8026 Dusty Well","Gonzaloberg","29505972","Kody94@yahoo.com","software architect engineer","2024-07-01T11:04:00.000"
"117","Ratke Inc","89631 Emmitt Skyway","South Guystead","20665689","Araceli58@hotmail.com","data analyst","2024-07-01T11:05:00.000"
"118","Veum, Auer and Grant","6450 Ferry Estate","Columbia","20613757","Green37@hotmail.com","cloud engineer","2024-07-01T11:06:00.000"
"119","Hegmann, Collins and Bartoletti","746 Daniel Pines","North Edmouth","16592122","Casandra.Kreiger@gmail.com","business analyst","2024-07-01T11:07:00.000"
"120","Thiel and Sons","2702 Angelita Fall","Brandon","81928945","Jennyfer_Luettgen@yahoo.com","business analyst","2024-07-01T11:08:00.000"
"121","Stracke - Steuber","6744 Reichel Corner","Lake Josueshire","50264235","Rosendo.Adams25@yahoo.com","network engineer","2024-07-01T11:09:00.000"
"122","Goyette, Hyatt and Prosacco","746 Buckridge Lodge","North Alysa","27551184","Jayson68@hotmail.com","software architect engineer","2024-07-01T11:10:00.000"
"123","Grady - Littel","89118 Kyla Fords","Abilene","51337433","Maeve.Kilback44@hotmail.com","network engineer","2024-07-01T11:11:00.000"
"124","Haley - Ernser","8133 Brayan Gardens","West Desireecester","82785283","Jeffrey_Parisian@yahoo.com","business analyst","2024-07-01T11:12:00.000"
"125","Von, Jaskolski and Marquardt","24329 Elias Locks","Urbandale","60739796","Idell_Rau@hotmail.com","cloud engineer","2024-07-01T11:13:00.000"
"126","Schimmel, Lesch and Price","14990 Jenkins Walk","North Casimir","68006575","Anika.Lakin@gmail.com","business analyst","2024-07-01T11:14:00.000"
"127","Schowalter, Kohler and Kunze","82803 Maximo Manor","Haleycester","53827670","Rocio65@hotmail.com","network engineer","2024-07-01T11:15:00.000"
"128","Buckridge LLC","20227 Kassulke Rue","Abshireland","90666042","Sophia21@hotmail.com","business analyst","2024-07-01T11:16:00.000"
"129","Halvorson, Steuber and Leannon","9570 Charley Locks","Fort Barontown","18801768","Hiram_Blanda3@gmail.com","cloud engineer","2024-07-01T11:17:00.000"
"130","Sipes Inc","944 Hirthe Curve","Smithberg","50915753","Rosalee91@hotmail.com","software architect engineer","2024-07-01T11:18:00.000"
"131","Marquardt and Sons","6672 Howell Neck","Huntersville","34667163","Maximillia84@hotmail.com","business analyst","2024-07-01T11:19:00.000"
"132","Metz and Sons","832 Jerde Pike","Brianaside","82168069","Trudie_McCullough33@gmail.com","business analyst","2024-07-01T11:20:00.000"
"133","Kautzer Inc","4045 Keeling Green","Klingshire","34818131","Aimee.Howell@yahoo.com","data analyst","2024-07-01T11:21:00.000"
"134","Hirthe Group","74243 White Prairie","New Joelle","24106750","Jessica.Feeney@yahoo.com","network engineer","2024-07-01T11:22:00.000"
"135","Quigley Group","29462 Volkman Turnpike","North Margarethaven","38161074","Celestino_Abshire@yahoo.com","business analyst","2024-07-01T11:23:00.000"
"136","Jacobs, Hoppe and Morar","026 Charlene Curve","New Cecilia","57497292","Adam91@yahoo.com","business analyst","2024-07-01T11:24:00.000"
"137","Kuphal, Rau and Rodriguez","172 Reichel Canyon","Lake Ninafort","28917786","Cleta7@hotmail.com","cloud engineer","2024-07-01T11:25:00.000"
"138","McDermott - Brown","2361 Borer Mill","McLaughlintown","45025459","Michael23@gmail.com","software architect engineer","2024-07-01T11:26:00.000"
"139","Langosh - Carroll","319 Abernathy Overpass","Tateshire","22484500","Arlie16@gmail.com","data analyst","2024-07-01T11:27:00.000"
"140","Beatty, Ryan and Hermiston","17875 Emilie Knoll","Fort Marion","76510743","Sim_Hintz@hotmail.com","data analyst","2024-07-01T11:28:00.000"
"141","Dach, Reichert and Bechtelar","68597 Schimmel Dam","McDermotthaven","88930173","Mya_Koelpin@gmail.com","business analyst","2024-07-01T11:29:00.000"
"142","Schmitt Inc","04049 Jayda Forks","Zacharyton","08364218","Myrna27@gmail.com","software architect engineer","2024-07-01T11:30:00.000"
"143","Bauch - Gibson","9761 Hahn Courts","O'Haraworth","91335437","Therese77@gmail.com","data analyst","2024-07-01T11:31:00.000"
"144","Christiansen - Nicolas","58408 Aric Causeway","Wisozkside","62054734","Andres92@gmail.com","data analyst","2024-07-01T11:32:00.000"
"145","Harvey, Lehner and Hackett","34732 Roger Canyon","Vivaworth","04683709","Jackeline.Kirlin@gmail.com","software architect engineer","2024-07-01T11:33:00.000"
"146","Wiegand - Mohr","14182 Hailey Route","Annettehaven","12640662","Judd.Leannon@gmail.com","network engineer","2024-07-01T11:34:00.000"
"147","Krajcik, Hegmann and Koepp","034 Kaci Plain","Gussieside","19317640","Nya.Pouros50@hotmail.com","business analyst","2024-07-01T11:35:00.000"
"148","Bahringer and Sons","99102 Rosemary Loop","West Nikolas","12077356","Lempi6@hotmail.com","software architect engineer","2024-07-01T11:36:00.000"
"149","Gusikowski, Franecki and Block","3813 Lesley Fall","Newark","00832090","Maryam_Hilll47@yahoo.com","network engineer","2024-07-01T11:37:00.000"
"150","Zboncak - Fahey","927 Lesch Drives","Hawthorne","26626238","Maddison_Becker84@hotmail.com","cloud engineer","2024-07-01T11:38:00.000"
"151","Ziemann, Friesen and Bergnaum","327 Mertie Pike","Iowa City","46179624","Ona59@gmail.com","business analyst","2024-07-01T11:39:00.000"
"152","Koelpin, Nitzsche and MacGyver","111 Walter Fort","Dibbertmouth","47046546","Jeremie.Crooks5@hotmail.com","network engineer","2024-07-01T11:40:00.000"
"153","Doyle, Hauck and Brakus","0417 Hermina Pass","North Shanieshire","52696985","Howell.Kozey51@hotmail.com","cloud engineer","2024-07-01T11:41:00.000"
"154","O'Kon Inc","5979 Roxanne Pines","Melynamouth","84619096","Jessika18@hotmail.com","data analyst","2024-07-01T11:42:00.000"
"155","Graham Inc","732 Florencio Fort","South Ewellchester","81424223","Rebecca7@hotmail.com","software architect engineer","2024-07-01T11:43:00.000"
"156","Larson - Grant","8323 Jasen Lake","Lylaside","33453652","Brice.Schaefer42@yahoo.com","business analyst","2024-07-01T11:44:00.000"
"157","Koch, Hoeger and Walter","4674 Wintheiser Park","East Kristoffermouth","22600972","Kendrick.Barrows18@gmail.com","software architect engineer","2024-07-01T11:45:00.000"
"158","Okuneva, Feest and Kilback","1244 Elmore Centers","Roscoehaven","64634358","Althea_Ullrich20@yahoo.com","cloud engineer","2024-07-01T11:46:00.000"
"159","Rice, Kshlerin and Armstrong","68291 Polly Alley","Larkinberg","15590664","Taryn_Aufderhar@gmail.com","business analyst","2024-07-01T11:47:00.000"
"160","Lesch, Hegmann and Reichel","150 Padberg Ridges","North Lisaton","59674766","Rosamond13@hotmail.com","business analyst","2024-07-01T11:48:00.000"
"161","Senger - Ebert","28928 Herzog Mews","West Muriel","82628847","Trever.Hammes85@yahoo.com","business analyst","2024-07-01T11:49:00.000"
"162","Abshire Group","53758 Jones Trail","East Paige","25089738","Eldridge_Bayer58@yahoo.com","data analyst","2024-07-01T11:50:00.000"
"163","Wiegand, McGlynn and Bogan","329 Cristina Way","East Tomasa","66489776","Cordelia86@hotmail.com","software architect engineer","2024-07-01T11:51:00.000"
"164","Monahan - Sauer","19886 Valentina Summit","Noblesville","83489311","Larry74@gmail.com","software architect engineer","2024-07-01T11:52:00.000"
"165","Johns, Reilly and Huel","4828 Sage Fields","Reynoldsborough","58206661","Myriam.Schmitt32@yahoo.com","software architect engineer","2024-07-01T11:53:00.000"
"166","Ullrich, Wunsch and Nicolas","5159 Ricky Springs","Lerafort","22061681","Jean_Thiel@hotmail.com","network engineer","2024-07-01T11:54:00.000"
"167","Morar, Wintheiser and Spencer","71965 Ralph Tunnel","Destinchester","85245212","Shania_Bailey71@hotmail.com","data analyst","2024-07-01T11:55:00.000"
"168","Hand, Christiansen and Strosin","8944 Oral Lane","Fort Alejandrin","70591353","Kevin_Huels@hotmail.com","software architect engineer","2024-07-01T11:56:00.000"
"169","Daugherty - Leannon","825 Ila Trafficway","Olympia","64851012","Braden81@yahoo.com","software architect engineer","2024-07-01T11:57:00.000"
"170","Zieme Inc","1320 Angelita Field","West Hortenseboro","27172702","Keshawn_Rowe@yahoo.com","business analyst","2024-07-01T11:58:00.000"
"171","Kunze - O'Kon","406 Whitney Trace","Peabody","99368212","Jennings12@hotmail.com","cloud engineer","2024-07-01T11:59:00.000"
"172","Christiansen, Larson and Ledner","2359 Jade Path","New Horace","20407257","Maida.Goldner23@gmail.com","business analyst","2024-07-01T12:00:00.000"
"173","Klein and Sons","4914 Hilll Canyon","East Pinkiefield","66071249","Rory_Shields98@gmail.com","network engineer","2024-07-01T12:01:00.000"
"174","VonRueden, Dicki and Braun","2715 Pagac Villages","East Virgieberg","16176276","Jennie39@yahoo.com","cloud engineer","2024-07-01T12:02:00.000"
"175","Dickinson, Feest and Predovic","593 Carroll Wells","West Norbert","88306100","Melba_Armstrong@gmail.com","network engineer","2024-07-01T12:03:00.000"
"176","Cummerata - Rolfson","203 Nathen Port","West Marcelleboro","97427836","Matilda_Wuckert@hotmail.com","data analyst","2024-07-01T12:04:00.000"
"177","Baumbach Inc","085 Mueller Pines","Herminioworth","28119989","Misty.Satterfield@hotmail.com","business analyst","2024-07-01T12:05:00.000"
"178","Barton - Schmeler","2433 Al Cliffs","New Vilmashire","46788457","Dawn22@gmail.com","cloud engineer","2024-07-01T12:06:00.000"
"179","Ritchie - Reichert","7454 Dulce Trail","New Darianaland","45676326","Jovan_Aufderhar@hotmail.com","business analyst","2024-07-01T12:07:00.000"
"180","Klein Inc","308 Susanna Valleys","San Francisco","77422238","Maci47@gmail.com","data analyst","2024-07-01T12:08:00.000"
"181","Sporer, Carter and Ward","288 Maximo Roads","East Adan","42772252","Haleigh55@gmail.com","software architect engineer","2024-07-01T12:09:00.000"
"182","Greenfelder - Schumm","4836 Providenci Crossroad","Port Leilani","48572330","Elizabeth.OConner86@gmail.com","data analyst","2024-07-01T12:10:00.000"
"183","Kuvalis Group","13833 Ziemann Locks","Gottliebfield","94979856","Reinhold_Bechtelar@yahoo.com","software architect engineer","2024-07-01T12:11:00.000"
"184","Willms - Bradtke","8332 Elva Street","Blockfurt","05849814","Tina_McCullough@gmail.com","data analyst","2024-07-01T12:12:00.000"
"185","Bashirian, Bartell and Prosacco","2730 Danny Shore","Berneiceside","85358854","Erik44@yahoo.com","cloud engineer","2024-07-01T12:13:00.000"
"186","Bashirian, Johnson and Schinner","8064 Terrence Passage","Loyceboro","83312350","Nettie80@hotmail.com","software architect engineer","2024-07-01T12:14:00.000"
"187","Witting, Smith and Schinner","0733 Paucek Course","Fort Ansley","34152998","Kayli.Jacobs@yahoo.com","business analyst","2024-07-01T12:15:00.000"
"188","Jakubowski Group","19772 Gerard Glens","South Elenorastad","48965840","Matt50@yahoo.com","cloud engineer","2024-07-01T12:16:00.000"
"189","Schimmel, Parisian and Bailey","1748 Ryley Spurs","Hartmannton","00835296","Tyreek_Berge98@hotmail.com","business analyst","2024-07-01T12:17:00.000"
"190","Dooley, Lind and Fisher","69359 Quigley Ways","Lake Kianafurt","60088523","Freda_Schneider@hotmail.com","network engineer","2024-07-01T12:18:00.000"
"191","Nienow Inc","80799 Mayer Groves","South Ewell","77927131","Aron_Hand41@yahoo.com","data analyst","2024-07-01T12:19:00.000"
"192","MacGyver - Pagac","1617 West Run","Sisterbury","87076132","Justyn.Pollich@yahoo.com","business analyst","2024-07-01T12:20:00.000"
"193","Dibbert, Kilback and Hintz","89669 Hayes Passage","Harbershire","18404723","Kaylin71@yahoo.com","cloud engineer","2024-07-01T12:21:00.000"
"194","Grant, Kuvalis and Bosco","2160 Kulas Coves","New Billiefurt","80912577","Emerson51@hotmail.com","business analyst","2024-07-01T12:22:00.000"
"195","Fisher - Osinski","637 Emmerich Trail","Tomstead","86019667","Gavin.Howell@gmail.com","cloud engineer","2024-07-01T12:23:00.000"
"196","Towne Group","2814 DuBuque Streets","McAllen","11791948","Albin.Walker70@yahoo.com","business analyst","2024-07-01T12:24:00.000"
"197","Homenick, Klein and Will","3061 Johnson Walk","Schulistview","12545271","Issac63@hotmail.com","cloud engineer","2024-07-01T12:25:00.000"
"198","Doyle - Moen","266 Weissnat Squares","Kadenport","81777129","Merle91@hotmail.com","business analyst","2024-07-01T12:26:00.000"
"199","Emard and Sons","1579 Fay Curve","Danielleboro","58124005","Watson_Lebsack@yahoo.com","network engineer","2024-07-01T12:27:00.000"
"200","Stokes - Dooley","26230 Larkin Squares","Lake Donatobury","27421313","Vicky.Beier@gmail.com","data analyst","2024-07-01T12:28:00.000"
"201","Klein Group","185 Torey Forge","South Nicoshire","84933931","Judy.Reinger33@gmail.com","software architect engineer","2024-07-01T12:29:00.000"
"202","Bechtelar - Russel","02148 Rey Throughway","Port Cecelia","09336427","Kaley51@yahoo.com","data analyst","2024-07-01T12:30:00.000"
"203","Yundt - Boyle","8425 Brakus Unions","Moreno Valley","93013395","Fay.Balistreri76@gmail.com","cloud engineer","2024-07-01T12:31:00.000"
"204","Weber, Labadie and Hilpert","2160 Kim Plains","Grayceboro","86177334","Harrison_Towne72@hotmail.com","network engineer","2024-07-01T12:32:00.000"
"205","Klein LLC","077 Parker Fall","Nolanview","21548769","Nyah_Lakin@hotmail.com","data analyst","2024-07-01T12:33:00.000"
"206","Crooks and Sons","0060 Manuela Streets","New Orleans","16224872","Lily98@hotmail.com","business analyst","2024-07-01T12:34:00.000"
"207","Gutmann, Flatley and Orn","744 Olson Route","Danniefurt","15823902","Ismael_Crona@hotmail.com","software architect engineer","2024-07-01T12:35:00.000"
"208","Auer and Sons","18627 Prohaska Oval","Port Arthur","98107887","Malachi_DAmore27@yahoo.com","software architect engineer","2024-07-01T12:36:00.000"
"209","Bogan Group","7664 Waelchi Passage","New Eltonfurt","74359437","Cecil.Farrell82@yahoo.com","business analyst","2024-07-01T12:37:00.000"
"210","Cummerata, Schiller and Veum","8107 Johns Ford","Purdystead","09647587","Immanuel_Mills@gmail.com","network engineer","2024-07-01T12:38:00.000"
"211","West, Larson and Stehr","53408 Adams Burgs","Bednarland","19190677","Adrien84@gmail.com","network engineer","2024-07-01T12:39:00.000"
"212","Bahringer, Walker and Yundt","723 Larkin Cove","East Santiago","63255753","Marcus.Daugherty68@gmail.com","business analyst","2024-07-01T12:40:00.000"
"213","Connelly, Altenwerth and Morissette","128 Stehr Shore","Wiegandstead","46481866","Madge.Littel81@gmail.com","network engineer","2024-07-01T12:41:00.000"
"214","Crooks and Sons","5002 Delores Trail","Stuartstad","80572133","Enid_Wunsch@yahoo.com","cloud engineer","2024-07-01T12:42:00.000"
"215","Hammes Group","851 Clarissa Ways","Treutelmouth","67767810","Enid.Macejkovic99@hotmail.com","cloud engineer","2024-07-01T12:43:00.000"
"216","Haag, O'Keefe and Gusikowski","94787 Marina Ridges","New Edward","44450597","Emmy47@yahoo.com","cloud engineer","2024-07-01T12:44:00.000"
"217","Kutch, Kassulke and Wiegand","769 Batz Club","East Paulmouth","61346201","Lura85@yahoo.com","software architect engineer","2024-07-01T12:45:00.000"
"218","Carter and Sons","1381 Bogan Point","Cartwrightfurt","63591982","Oswald.Sipes6@hotmail.com","data analyst","2024-07-01T12:46:00.000"
"219","Jast LLC","3463 Kuphal Forest","Domenicoport","04340277","Winona93@yahoo.com","data analyst","2024-07-01T12:47:00.000"
"220","Schmitt - Kutch","82540 Samara Row","Goyetteport","25062184","Rosendo.Lehner@yahoo.com","business analyst","2024-07-01T12:48:00.000"
"221","Trantow, Upton and Kunze","034 Mann Trail","West Floborough","85163929","Camila67@gmail.com","network engineer","2024-07-01T12:49:00.000"
"222","Kassulke and Sons","89650 Peyton Lodge","West Austyn","63690755","Magdalena93@hotmail.com","network engineer","2024-07-01T12:50:00.000"
"223","Hirthe LLC","484 Norma Cape","Bend","82015777","Paula.Konopelski@yahoo.com","data analyst","2024-07-01T12:51:00.000"
"224","Kemmer - Christiansen","61247 Weissnat Park","Port Teresaside","41809921","Brent_Little6@gmail.com","cloud engineer","2024-07-01T12:52:00.000"
"225","Osinski LLC","1136 Dino Crossroad","East Justine","67831173","Jaqueline_Bradtke@hotmail.com","software architect engineer","2024-07-01T12:53:00.000"
"226","Hegmann, Ullrich and Hickle","633 Stark Valley","North Maevehaven","86966481","Abelardo99@gmail.com","cloud engineer","2024-07-01T12:54:00.000"
"227","Berge - Bahringer","10114 Grant Ferry","Westleyfurt","33243900","Peyton.Hamill62@yahoo.com","software architect engineer","2024-07-01T12:55:00.000"
"228","Pacocha Group","6293 Lockman Isle","Lake Leathastad","96918148","Oral.Luettgen13@yahoo.com","network engineer","2024-07-01T12:56:00.000"
"229","Sipes, Koelpin and Howell","22145 Cole Ramp","Donnellyfurt","23790614","Pansy_Blick67@gmail.com","data analyst","2024-07-01T12:57:00.000"
"230","Wilkinson, Parisian and Torp","38897 Jones Highway","Honolulu","64284264","Lesley68@yahoo.com","software architect engineer","2024-07-01T12:58:00.000"
"231","Farrell, Hermann and Crist","4792 Savanna Underpass","Evanston","91850148","Novella_Johns@yahoo.com","software architect engineer","2024-07-01T12:59:00.000"
"232","Grant and Sons","01337 Zieme Haven","Klockostead","25297236","Reina_Thiel@yahoo.com","business analyst","2024-07-01T13:00:00.000"
"233","Walter, Ward and Murray","6816 Howell Views","Waelchibury","91413998","Rylan.Muller@gmail.com","cloud engineer","2024-07-01T13:01:00.000"
"234","Hoeger, Runolfsson and Hand","1191 Jamal Keys","Austynport","78471947","Brenden_McClure18@gmail.com","cloud engineer","2024-07-01T13:02:00.000"
"235","Borer and Sons","771 Flavie Way","New Bartholome","38495796","Cyrus24@gmail.com","software architect engineer","2024-07-01T13:03:00.000"
"236","Becker Inc","27545 Rebeca Mission","Malvinashire","78933385","Lilla_Hilll@hotmail.com","business analyst","2024-07-01T13:04:00.000"
"237","Daugherty Inc","83024 Kuhn Fall","West Colbyfurt","80657167","Xander9@yahoo.com","software architect engineer","2024-07-01T13:05:00.000"
"238","Stoltenberg Inc","09191 Norma Ramp","Carmichael","59031043","Brown.Stark@yahoo.com","software architect engineer","2024-07-01T13:06:00.000"
"239","Bednar, Douglas and Parker","1287 Mercedes Rapid","San Juan","99351516","Ezra.Kuvalis40@hotmail.com","cloud engineer","2024-07-01T13:07:00.000"
"240","Shanahan, Stanton and Kuphal","829 Collier Center","Javonstad","44448622","Mittie.Willms69@gmail.com","data analyst","2024-07-01T13:08:00.000"
"241","O'Reilly and Sons","05027 Bobby Estates","North Mitchell","66731026","Marguerite.Abernathy44@yahoo.com","data analyst","2024-07-01T13:09:00.000"
"242","Jerde - Watsica","9609 Tia Radial","North Kendra","05811162","Reggie_Harber@gmail.com","software architect engineer","2024-07-01T13:10:00.000"
"243","Parisian, Dach and Kilback","521 Glenda Rapids","New Karelle","73913177","Derek14@gmail.com","business analyst","2024-07-01T13:11:00.000"
"244","Dooley Group","0365 Hettinger Field","New Trentonworth","55751121","Mike.Conroy@hotmail.com","cloud engineer","2024-07-01T13:12:00.000"
"245","Rutherford, Klocko and Heidenreich","959 Pfeffer Glen","Raphaellefort","25983099","Bonita27@hotmail.com","software architect engineer","2024-07-01T13:13:00.000"
"246","Lind Group","6371 Ardella Burgs","Olsonville","15534214","Alessandro_Kutch46@hotmail.com","network engineer","2024-07-01T13:14:00.000"
"247","Nolan - Hayes","373 Octavia Locks","Waltermouth","19673807","Jaeden13@yahoo.com","software architect engineer","2024-07-01T13:15:00.000"
"248","Haag, Koelpin and Koss","459 Barrett Cove","Lake Elisaborough","54929615","Suzanne.Goodwin@yahoo.com","business analyst","2024-07-01T13:16:00.000"
"249","Wolff, Pollich and Flatley","1169 Zulauf Pass","Cullenshire","49831502","Stuart64@hotmail.com","software architect engineer","2024-07-01T13:17:00.000"
"250","Conn - Hahn","8645 Marquardt Island","Bradenton","66729208","Lucie33@gmail.com","data analyst","2024-07-01T13:18:00.000"
"251","Wyman - Koss","588 Bosco Ridge","Port Floydburgh","12735201","Tabitha_Marquardt@hotmail.com","data analyst","2024-07-01T13:19:00.000"
"252","Klein LLC","290 Senger Dale","West Emma","41119373","Gregg39@hotmail.com","cloud engineer","2024-07-01T13:20:00.000"
"253","Koepp - Osinski","3887 Gust Summit","Elk Grove","39062077","Juston.Wiza11@gmail.com","business analyst","2024-07-01T13:21:00.000"
"254","Kuphal, Wiza and Murphy","18818 Alexandria Curve","Halvorsonside","14697494","Carmine.Crist@hotmail.com","data analyst","2024-07-01T13:22:00.000"
"255","Parisian - Wiza","825 Kozey Divide","Fort Gregoryhaven","62140634","Berenice59@yahoo.com","business analyst","2024-07-01T13:23:00.000"
"256","Kutch - Kozey","791 Enoch Views","Fort Alfonzostead","00314247","Trisha_Feeney@hotmail.com","data analyst","2024-07-01T13:24:00.000"
"257","Frami - Wolf","11709 Sheila Estates","Dayanaboro","09727570","Beryl26@gmail.com","data analyst","2024-07-01T13:25:00.000"
"258","Hills, Kris and Labadie","84990 Bruen Center","Fort Ramona","25183331","Ellis_Lynch@yahoo.com","software architect engineer","2024-07-01T13:26:00.000"
"259","Larkin - McKenzie","4199 Heidenreich Crossing","Ratkeside","66331900","Rosamond.Bartoletti@yahoo.com","network engineer","2024-07-01T13:27:00.000"
"260","Bergstrom Group","26744 Filiberto Village","Monahanborough","10723370","Zachariah79@hotmail.com","business analyst","2024-07-01T13:28:00.000"
"261","Lemke and Sons","7514 Aleen Burgs","Keller","35542603","Alexandra.Lind68@yahoo.com","business analyst","2024-07-01T13:29:00.000"
"262","Frami, Kuhic and Wiegand","72300 Arlie Neck","Maricopa","74916241","John.Powlowski0@gmail.com","network engineer","2024-07-01T13:30:00.000"
"263","Batz, Franey and Waters","85115 Leann Club","East Jonasworth","59144943","Libby_Bode@hotmail.com","software architect engineer","2024-07-01T13:31:00.000"
"264","Gutmann, Mayert and Orn","506 Buckridge Inlet","Stiedemannboro","23350479","Vallie_Schmitt@gmail.com","software architect engineer","2024-07-01T13:32:00.000"
"265","Gorczany - Macejkovic","82172 Schoen Light","West Theresahaven","46986112","Devyn.Koch@yahoo.com","network engineer","2024-07-01T13:33:00.000"
"266","Romaguera, Barrows and Dibbert","6537 Otha Shoals","Noblesville","36163307","Ocie16@yahoo.com","data analyst","2024-07-01T13:34:00.000"
"267","Reichert Group","26191 Chadrick Drives","Faeborough","09216371","Bonnie.Oberbrunner4@gmail.com","network engineer","2024-07-01T13:35:00.000"
"268","Von - Hermiston","40783 Wisoky Ranch","North Esmeralda","66716818","Wilma_Lowe24@hotmail.com","data analyst","2024-07-01T13:36:00.000"
"269","Wisoky, Watsica and Hartmann","68999 Coby Pine","Shreveport","70433974","Wilbert.Kemmer@gmail.com","software architect engineer","2024-07-01T13:37:00.000"
"270","McClure - Jakubowski","843 Pacocha Well","Boyerborough","99612295","Vern_Reichert51@gmail.com","cloud engineer","2024-07-01T13:38:00.000"
"271","Koelpin, Schmeler and Brakus","13208 Daniella Prairie","Earleneview","73273553","Duncan_Kling35@yahoo.com","data analyst","2024-07-01T13:39:00.000"
"272","Kemmer, Abbott and D'Amore","01034 Buck Centers","Lake Isacberg","99428056","Allie44@hotmail.com","network engineer","2024-07-01T13:40:00.000"
"273","Ortiz - Fisher","5596 Quitzon Circles","Melisabury","91698281","Kiara_Ernser@yahoo.com","data analyst","2024-07-01T13:41:00.000"
"274","Herzog Group","454 Satterfield Walks","North Brenna","47750538","Deon.Miller27@hotmail.com","software architect engineer","2024-07-01T13:42:00.000"
"275","Deckow, Batz and Kemmer","21632 Shad Roads","Pittsburg","92678289","Lorena0@gmail.com","software architect engineer","2024-07-01T13:43:00.000"
"276","Bayer, Witting and Ward","79777 Barrows Ford","East Ansleycester","21687633","Edd.Kessler@gmail.com","network engineer","2024-07-01T13:44:00.000"
"277","Green Inc","10109 Oceane Row","West Mitchellworth","16575003","Providenci6@yahoo.com","business analyst","2024-07-01T13:45:00.000"
"278","Marks Group","89210 Albertha Avenue","Downey","44248712","Lina.Reinger96@yahoo.com","business analyst","2024-07-01T13:46:00.000"
"279","Glover and Sons","267 O'Hara Radial","Revere","07911670","Triston_Shields@gmail.com","cloud engineer","2024-07-01T13:47:00.000"
"280","Casper, Kuphal and Reynolds","9661 Luettgen Junction","Hacienda Heights","65615958","Lottie61@gmail.com","data analyst","2024-07-01T13:48:00.000"
"281","Harber - Rodriguez","04710 Wisoky Groves","New Jasper","31851395","Gayle41@gmail.com","network engineer","2024-07-01T13:49:00.000"
"282","Metz Inc","457 Hegmann Drives","East Felicitystead","97595524","Marian_Pacocha93@yahoo.com","business analyst","2024-07-01T13:50:00.000"
"283","Altenwerth - Heaney","8847 Dach Row","Schowalterfurt","96894853","Flo_Breitenberg51@yahoo.com","software architect engineer","2024-07-01T13:51:00.000"
"284","Feil Group","171 Shea Green","Nienowshire","44847937","Shanelle40@yahoo.com","business analyst","2024-07-01T13:52:00.000"
"285","Bechtelar - Collins","5845 Jacobson Fall","Maximusfield","31584261","Chasity15@hotmail.com","cloud engineer","2024-07-01T13:53:00.000"
"286","Stoltenberg LLC","66985 Lacey Meadow","Mooreport","93389425","Furman_Considine52@hotmail.com","network engineer","2024-07-01T13:54:00.000"
"287","Wuckert Inc","636 Annabell Parkway","Livonia","99132852","Taylor.Jast55@gmail.com","business analyst","2024-07-01T13:55:00.000"
"288","Pagac Group","16156 O'Connell Court","Binghamton","13762531","Willie_Fahey36@gmail.com","software architect engineer","2024-07-01T13:56:00.000"
"289","Feest Group","8631 Kuhlman Radial","Edmond","73823461","Tyrese.Yundt76@yahoo.com","software architect engineer","2024-07-01T13:57:00.000"
"290","Hudson LLC","208 Marquardt Course","Haileyfort","50152417","Guido.Steuber72@gmail.com","network engineer","2024-07-01T13:58:00.000"
"291","Kessler, Mertz and Swaniawski","55207 Lou Orchard","Kuphalhaven","90579300","Milan96@hotmail.com","software architect engineer","2024-07-01T13:59:00.000"
"292","Crona Group","9895 Vandervort Streets","Nampa","51641910","Bertram27@hotmail.com","data analyst","2024-07-01T14:00:00.000"
"293","MacGyver, Block and Lockman","702 Bosco Ramp","Joliet","77442569","Demario_Carroll@hotmail.com","business analyst","2024-07-01T14:01:00.000"
"294","Pacocha - Wisoky","436 Pfannerstill Rue","Fort Mia","17175523","Bernice.Larkin24@hotmail.com","business analyst","2024-07-01T14:02:00.000"
"295","Sauer, Wintheiser and Stehr","38408 Casper Overpass","Johnhaven","13275418","Ambrose_Hayes@gmail.com","business analyst","2024-07-01T14:03:00.000"
"296","Senger, Wolff and Feest","1294 Evert Vista","Lake Richieborough","87031827","Marshall86@yahoo.com","cloud engineer","2024-07-01T14:04:00.000"
"297","Leffler LLC","57616 Alana Mills","Anaheim","94907092","Adrienne10@hotmail.com","cloud engineer","2024-07-01T14:05:00.000"
"298","Botsford and Sons","849 Nannie Mission","Topeka","78248126","Leo.Bartoletti@yahoo.com","business analyst","2024-07-01T14:06:00.000"
"299","Harris Inc","26554 Tillman Pass","Howefort","67803556","Flavie_Hayes89@gmail.com","cloud engineer","2024-07-01T14:07:00.000"
"300","Okuneva - McDermott","980 Franecki Shore","Anastasiaton","26702324","Liam_Kerluke85@hotmail.com","software architect engineer","2024-07-01T14:08:00.000"
"301","Weber - Gusikowski","878 Shannon Divide","West Marianneworth","13367623","Willie47@gmail.com","cloud engineer","2024-07-01T14:09:00.000"
"302","Dach - Zemlak","317 Kulas Lodge","Lethastad","13981095","Kelley_Kertzmann@yahoo.com","software architect engineer","2024-07-01T14:10:00.000"
"303","Sporer and Sons","4850 Weber Corners","Murrayhaven","41560526","Lina.Kulas@yahoo.com","software architect engineer","2024-07-01T14:11:00.000"
"304","Mraz - Oberbrunner","622 Stanton Loaf","West Gregorio","45524650","Terrence50@gmail.com","software architect engineer","2024-07-01T14:12:00.000"
"305","Mayert, Mante and McGlynn","360 Stracke Trail","Bozeman","37092902","Grover96@hotmail.com","network engineer","2024-07-01T14:13:00.000"
"306","Cole and Sons","264 Edmund Expressway","Schaeferberg","10049060","Augusta.Hyatt38@gmail.com","cloud engineer","2024-07-01T14:14:00.000"
"307","Stiedemann - Tillman","50224 Clement Road","Emeryside","00870867","George_Price28@hotmail.com","cloud engineer","2024-07-01T14:15:00.000"
"308","Gerlach Inc","2150 Skiles Turnpike","Lake Allen","67136534","Salvatore.Maggio@yahoo.com","cloud engineer","2024-07-01T14:16:00.000"
"309","Marquardt LLC","8076 Wellington Passage","Kayfort","18381796","Mariana.Lebsack@hotmail.com","cloud engineer","2024-07-01T14:17:00.000"
"310","Feil, Rutherford and Brown","8249 Angelita Estates","Rylanville","00769223","Shanelle.Parisian8@yahoo.com","network engineer","2024-07-01T14:18:00.000"
"311","Renner - Brekke","14591 Roxane Mills","Elyria","84637289","Josefa_Stiedemann21@yahoo.com","data analyst","2024-07-01T14:19:00.000"
"312","Kozey - Hessel","2889 Weissnat Valleys","East Royalchester","85048510","Anthony.Hilpert@yahoo.com","software architect engineer","2024-07-01T14:20:00.000"
"313","Hudson, Wintheiser and Breitenberg","13817 Ullrich Ville","Covina","67405428","Rosella46@gmail.com","software architect engineer","2024-07-01T14:21:00.000"
"314","Wilderman and Sons","978 Paucek Forges","Jefferyview","41850901","Werner_Lubowitz@gmail.com","business analyst","2024-07-01T14:22:00.000"
"315","Von Inc","0122 Cary Orchard","South Alanamouth","32299493","Yasmin.Barrows46@hotmail.com","network engineer","2024-07-01T14:23:00.000"
"316","Lueilwitz Group","303 Quinn Expressway","Alexzanderborough","36413607","Keegan73@gmail.com","cloud engineer","2024-07-01T14:24:00.000"
"317","Hilll - Balistreri","506 Velva Trail","Gottliebstead","42569520","Lysanne33@hotmail.com","business analyst","2024-07-01T14:25:00.000"
"318","Shanahan - Ruecker","585 Gottlieb Prairie","New Brianneshire","12877023","Dorthy.Sporer88@hotmail.com","network engineer","2024-07-01T14:26:00.000"
"319","Stark Group","19224 Kling Street","Rennerbury","62580903","Lauriane9@gmail.com","software architect engineer","2024-07-01T14:27:00.000"
"320","Bosco - Denesik","198 Jaquelin Ferry","West Anselborough","06550759","Lonie42@yahoo.com","data analyst","2024-07-01T14:28:00.000"
"321","Abshire, Lang and Weber","226 Queenie Turnpike","Fort Angelaton","03627920","Gene.Blanda17@yahoo.com","data analyst","2024-07-01T14:29:00.000"
"322","Crist and Sons","70985 Murray Courts","Hamillstad","62784627","Morton_Larson@gmail.com","software architect engineer","2024-07-01T14:30:00.000"
"323","Bayer, Johns and Raynor","865 Waters Shoals","Weissnatmouth","12616754","Gabrielle_Bernhard@gmail.com","network engineer","2024-07-01T14:31:00.000"
"324","Stark - Stokes","505 Patsy Cape","Myrashire","57805143","Ona73@gmail.com","data analyst","2024-07-01T14:32:00.000"
"325","Gibson - Braun","39683 Davon Brooks","North Irma","54340145","Jerry72@hotmail.com","data analyst","2024-07-01T14:33:00.000"
"326","Stehr - Streich","26973 McCullough Summit","Paramount","53127700","Duncan.Pfeffer@hotmail.com","software architect engineer","2024-07-01T14:34:00.000"
"327","Kirlin, Sporer and Stamm","111 Robel Crest","Jamarcusborough","83113032","Casimer89@hotmail.com","cloud engineer","2024-07-01T14:35:00.000"
"328","Mitchell, Bruen and Bernhard","217 Neoma Route","Rodolfoville","78182832","Rebekah_Krajcik74@hotmail.com","business analyst","2024-07-01T14:36:00.000"
"329","Ledner Inc","097 Ari River","Fort Tayaboro","97864182","Hermina83@gmail.com","software architect engineer","2024-07-01T14:37:00.000"
"330","Schuster - Bauch","829 Philip Squares","South Declancester","70143310","Roma_Bergnaum2@hotmail.com","software architect engineer","2024-07-01T14:38:00.000"
"331","Gutkowski - Larson","6364 Karolann Valleys","Linwoodtown","12848657","Hailey.Sanford@hotmail.com","network engineer","2024-07-01T14:39:00.000"
"332","Kreiger Inc","2962 Cara Neck","Bergnaumport","98991938","Ona_Leuschke@hotmail.com","software architect engineer","2024-07-01T14:40:00.000"
"333","Zieme - Stiedemann","0350 Upton Islands","New Cordie","28658338","Kayla51@gmail.com","cloud engineer","2024-07-01T14:41:00.000"
"334","Aufderhar - Schowalter","16813 Clarissa Camp","Arianehaven","29224197","Zula_Jast23@gmail.com","business analyst","2024-07-01T14:42:00.000"
"335","Klein, Collier and Powlowski","284 Runolfsdottir Shore","Howeburgh","63221146","Luther.Waters@hotmail.com","business analyst","2024-07-01T14:43:00.000"
"336","Haag Inc","04311 Botsford Throughway","Bernhardland","30120096","Mauricio.Rodriguez57@gmail.com","business analyst","2024-07-01T14:44:00.000"
"337","Kertzmann, Rogahn and Beer","5671 Fatima Hill","Sawaynton","45285098","Garland87@hotmail.com","cloud engineer","2024-07-01T14:45:00.000"
"338","Emmerich LLC","92472 Leuschke Brooks","South Trever","60551127","Ottis67@yahoo.com","software architect engineer","2024-07-01T14:46:00.000"
"339","Howe - Marks","10190 Darian Falls","New Tom","73506917","Rosina_Hansen38@hotmail.com","network engineer","2024-07-01T14:47:00.000"
"340","Altenwerth Group","61329 Vincent Viaduct","Lake Selenaworth","44064784","Van18@yahoo.com","data analyst","2024-07-01T14:48:00.000"
"341","Strosin - White","1326 Joanne Track","West Lavon","50907124","Francisca.Rogahn40@hotmail.com","software architect engineer","2024-07-01T14:49:00.000"
"342","Kessler - Wintheiser","0952 Danika Stravenue","Roswell","95192854","Dolores8@yahoo.com","network engineer","2024-07-01T14:50:00.000"
"343","Littel - Gislason","36242 Russel Junctions","West Nayeli","96439069","Emily.Brekke@yahoo.com","business analyst","2024-07-01T14:51:00.000"
"344","Luettgen Inc","8421 Mackenzie Field","Baumbachboro","57140110","Linnie4@gmail.com","network engineer","2024-07-01T14:52:00.000"
"345","Towne Inc","4296 Bashirian Common","East Kaia","92610005","Brennon46@yahoo.com","business analyst","2024-07-01T14:53:00.000"
"346","Bogisich Inc","061 Mraz Rue","Burnsville","25949561","Amparo.Russel@yahoo.com","network engineer","2024-07-01T14:54:00.000"
"347","Swift and Sons","4970 Kennith Loop","Fort Domenica","69835184","Emilie.Pacocha45@yahoo.com","business analyst","2024-07-01T14:55:00.000"
"348","Mraz LLC","644 Jackeline Locks","Nelsonworth","44957023","Jimmy.Kub27@hotmail.com","data analyst","2024-07-01T14:56:00.000"
"349","Halvorson LLC","946 Christy Hills","Feeneyfort","94675067","Demetris_Murphy92@hotmail.com","software architect engineer","2024-07-01T14:57:00.000"
"350","Stark - Goldner","0402 Bethel Field","Jewelland","49225391","Elwin56@yahoo.com","business analyst","2024-07-01T14:58:00.000"
"351","Champlin and Sons","0991 Okuneva Harbors","Jerdeport","29270285","Vena_Waelchi53@gmail.com","network engineer","2024-07-01T14:59:00.000"
"352","Terry - Haag","9411 Madisen Forest","Bartolettichester","07940856","Sasha_Leuschke@yahoo.com","software architect engineer","2024-07-01T15:00:00.000"
"353","Hodkiewicz, Ebert and Dickinson","893 Margret Park","Meriden","18683837","Effie_Farrell94@gmail.com","business analyst","2024-07-01T15:01:00.000"
"354","Kiehn, Hettinger and DuBuque","1405 Stroman Ridges","East Eldredhaven","93577151","Jonathan.Maggio@gmail.com","cloud engineer","2024-07-01T15:02:00.000"
"355","Hahn, Kautzer and Ziemann","6812 Conroy Walks","North Darrylworth","40192353","Madalyn_Treutel33@gmail.com","cloud engineer","2024-07-01T15:03:00.000"
"356","Ankunding and Sons","01830 Dominique Wells","New Carley","30078329","Wilburn.Buckridge@gmail.com","network engineer","2024-07-01T15:04:00.000"
"357","Greenholt - Padberg","57088 Lewis Pike","Shieldsmouth","11130738","Braulio65@gmail.com","cloud engineer","2024-07-01T15:05:00.000"
"358","Wyman - Torp","62744 Fisher Extensions","Walkerfort","84303096","Dandre73@gmail.com","data analyst","2024-07-01T15:06:00.000"
"359","Volkman LLC","5125 Angelita Fort","Dachfort","38856055","Caden.Halvorson28@gmail.com","cloud engineer","2024-07-01T15:07:00.000"
"360","Ruecker and Sons","079 Pfeffer Hills","West Elza","11318921","Loyal.Stark69@hotmail.com","data analyst","2024-07-01T15:08:00.000"
"361","Rempel and Sons","377 Casper Rue","Ressieshire","75723779","Alfreda_Gutkowski@gmail.com","data analyst","2024-07-01T15:09:00.000"
"362","Simonis, Towne and Franey","249 Eliseo Valleys","Victoria","94808332","Ari94@hotmail.com","network engineer","2024-07-01T15:10:00.000"
"363","Hudson, Yost and Heller","9231 Henry Brook","Kutchcester","28144564","Edna23@yahoo.com","business analyst","2024-07-01T15:11:00.000"
"364","McLaughlin LLC","818 Maribel Dale","East Ariel","38502096","Lavonne_Witting@yahoo.com","software architect engineer","2024-07-01T15:12:00.000"
"365","Hessel, Feest and Lubowitz","95293 Royal Village","South Jesus","07206489","Teagan_Ratke@gmail.com","network engineer","2024-07-01T15:13:00.000"
"366","Lowe, McGlynn and Bernhard","67324 Vickie Court","North Nolan","67256474","Urban.Mayer5@gmail.com","data analyst","2024-07-01T15:14:00.000"
"367","Fritsch - Mueller","4538 Anderson Courts","Beaumont","18245673","Cassidy.Beatty@yahoo.com","network engineer","2024-07-01T15:15:00.000"
"368","Roob, Koss and Crona","6395 Corrine Trail","West Josefaworth","88039457","Alexzander.Bins30@hotmail.com","business analyst","2024-07-01T15:16:00.000"
"369","Hyatt - Satterfield","504 Melany Wall","Port Sylviashire","88463250","Gregorio44@hotmail.com","data analyst","2024-07-01T15:17:00.000"
"370","Olson - Grant","853 Keebler Expressway","Huelbury","39153746","Jan89@gmail.com","network engineer","2024-07-01T15:18:00.000"
"371","Bailey - Flatley","135 Eveline Alley","Hauckborough","06298654","Dale_Schmitt@gmail.com","data analyst","2024-07-01T15:19:00.000"
"372","Yundt - VonRueden","748 Trent Mount","Paoloport","63546525","Fred_Murray17@gmail.com","business analyst","2024-07-01T15:20:00.000"
"373","Donnelly, Lueilwitz and Langosh","4827 Minerva Estates","Allen","32396165","Vernon.Blick13@gmail.com","data analyst","2024-07-01T15:21:00.000"
"374","Hermann Inc","18875 Emelie Cliff","Josiefurt","42528825","Brennon.Tremblay76@gmail.com","cloud engineer","2024-07-01T15:22:00.000"
"375","Wilderman - Bruen","99148 Sauer Station","Delbertstead","86639440","Alyson69@hotmail.com","software architect engineer","2024-07-01T15:23:00.000"
"376","Parisian - Murazik","40336 Waters Mountain","Kesslerton","26683639","Amparo_Grant77@gmail.com","business analyst","2024-07-01T15:24:00.000"
"377","Greenfelder - D'Amore","8782 Zoie Forges","Fort Anthony","12998507","Giovanni72@gmail.com","network engineer","2024-07-01T15:25:00.000"
"378","Runolfsdottir, Anderson and Welch","919 Jazmyn Run","Terryberg","34628654","Nick.Shanahan26@gmail.com","business analyst","2024-07-01T15:26:00.000"
"379","Monahan - Schulist","9943 Gottlieb Fields","Laceyfield","27666505","Lolita79@gmail.com","network engineer","2024-07-01T15:27:00.000"
"380","Hammes - Langosh","2201 Gracie Fort","East Madalynworth","40217694","Madilyn_Williamson34@gmail.com","data analyst","2024-07-01T15:28:00.000"
"381","Graham, Sanford and Schamberger","9332 Herzog Fall","North Abigayleside","14354695","Joaquin_Hansen@yahoo.com","business analyst","2024-07-01T15:29:00.000"
"382","Hauck - Reynolds","697 Friesen Underpass","Lake Edna","87420135","Betty_Macejkovic@yahoo.com","network engineer","2024-07-01T15:30:00.000"
"383","Schuppe - Huel","4370 Adolf Cape","Fort Reinafort","51604415","Felipe.Hartmann@yahoo.com","network engineer","2024-07-01T15:31:00.000"
"384","Heathcote - Roberts","55379 Mariana Tunnel","Lake Kasandraberg","66128449","Beau27@yahoo.com","software architect engineer","2024-07-01T15:32:00.000"
"385","Padberg Inc","05156 Osinski Station","Port Luciano","47329252","Myah28@hotmail.com","network engineer","2024-07-01T15:33:00.000"
"386","Witting - Nienow","429 Gutmann Bridge","Fort Madelynn","46323596","Alyson.Balistreri@yahoo.com","data analyst","2024-07-01T15:34:00.000"
"387","Wunsch LLC","4761 Franey Loaf","Frederickfield","15907345","Morris.Schmeler45@gmail.com","software architect engineer","2024-07-01T15:35:00.000"
"388","Tremblay, Crooks and Treutel","1940 Predovic Crossroad","State College","03487644","Dolly28@gmail.com","cloud engineer","2024-07-01T15:36:00.000"
"389","Boyer - Schoen","205 Kacie Corners","Camarillo","79178548","Brett.Moore@hotmail.com","business analyst","2024-07-01T15:37:00.000"
"390","Daugherty - Dickens","6048 Senger Hill","Samantaland","17078614","Kiana.Von@gmail.com","business analyst","2024-07-01T15:38:00.000"
"391","Upton and Sons","81418 Schaefer Cove","Altenwerthworth","48234686","Martin.Schuster79@yahoo.com","cloud engineer","2024-07-01T15:39:00.000"
"392","Cole - Armstrong","0898 Philip Island","Mayertview","72972252","Nicholaus.Schumm@yahoo.com","cloud engineer","2024-07-01T15:40:00.000"
"393","Bode, Stiedemann and Tillman","2521 Nina Well","Samburgh","74238517","Hobart_Herzog@hotmail.com","data analyst","2024-07-01T15:41:00.000"
"394","Emmerich Group","2416 Kyler Ville","Livonia","05154093","Jess_Hand@gmail.com","network engineer","2024-07-01T15:42:00.000"
"395","Kuphal Inc","903 Elizabeth Prairie","New Levi","71191049","Bret37@yahoo.com","network engineer","2024-07-01T15:43:00.000"
"396","Quigley, Friesen and Haley","355 Corkery Centers","St. Louis Park","38261099","Gardner59@hotmail.com","data analyst","2024-07-01T15:44:00.000"
"397","Schuppe - White","337 Ludwig Harbor","Burnsville","63114750","Houston_Johnston82@yahoo.com","data analyst","2024-07-01T15:45:00.000"
"398","Dach Inc","6308 Hilpert Mews","Zoeton","87703900","Reta71@yahoo.com","network engineer","2024-07-01T15:46:00.000"
"399","Little, Rippin and Turner","0514 Clementine Glen","Rodriguezstad","86857910","Miracle5@yahoo.com","software architect engineer","2024-07-01T15:47:00.000"
"400","Considine - Waelchi","7918 Koepp Spurs","Aurelioberg","57078226","Ebba_Kuhlman@hotmail.com","cloud engineer","2024-07-01T15:48:00.000"
"401","Krajcik - Welch","6581 Bergstrom Lodge","Christelleburgh","30236692","Dalton.Rippin@hotmail.com","software architect engineer","2024-07-01T15:49:00.000"
"402","Doyle, Rogahn and Schultz","973 Brando Road","West Arianetown","45231326","Madeline40@hotmail.com","network engineer","2024-07-01T15:50:00.000"
"403","Mann, Metz and Paucek","575 Laurel Ford","Raucester","63680539","Zula88@hotmail.com","software architect engineer","2024-07-01T15:51:00.000"
"404","Keebler - Thompson","2620 Carmella Crossroad","Coryport","21483273","Gennaro22@hotmail.com","business analyst","2024-07-01T15:52:00.000"
"405","Beahan, Herman and Goyette","204 Carlos Pines","Fort Alize","45074032","Sam_Ferry83@hotmail.com","network engineer","2024-07-01T15:53:00.000"
"406","Pfannerstill Inc","4500 Lynch Locks","Greenwood","42721447","Neoma69@yahoo.com","data analyst","2024-07-01T15:54:00.000"
"407","Romaguera, Emmerich and Reinger","578 Aida Ford","New Maria","98215615","Yasmeen3@hotmail.com","business analyst","2024-07-01T15:55:00.000"
"408","Cormier LLC","027 Osinski Keys","Jeramiehaven","29931815","Gideon.Brakus49@yahoo.com","data analyst","2024-07-01T15:56:00.000"
"409","Hoppe - Feeney","469 Demarco Mews","Lake Deontae","99454391","Judy26@hotmail.com","network engineer","2024-07-01T15:57:00.000"
"410","Anderson Group","90857 Ziemann Mill","Richieville","03954552","Berenice44@yahoo.com","network engineer","2024-07-01T15:58:00.000"
"411","Schroeder - Haley","197 Bogisich Fords","East Lindaburgh","19155095","Concepcion58@gmail.com","software architect engineer","2024-07-01T15:59:00.000"
"412","Bode, Mosciski and Fisher","2488 Reichert Green","Otisburgh","67763306","Royce_West68@hotmail.com","software architect engineer","2024-07-01T16:00:00.000"
"413","Sporer - Lang","5480 Levi Mountain","West Moshe","18481037","Morgan.Yost@gmail.com","network engineer","2024-07-01T16:01:00.000"
"414","Cummerata, Gerlach and Boyle","90713 Beahan Mountain","Coeur d'Alene","78026554","Alfonso.Schowalter@hotmail.com","cloud engineer","2024-07-01T16:02:00.000"
"415","Grady, Hagenes and Funk","587 Chelsey Views","South Wendellfort","76695187","Isobel_Roob@hotmail.com","network engineer","2024-07-01T16:03:00.000"
"416","Paucek Group","44601 Stroman Valleys","North Portercester","06258163","Trevor_Douglas@hotmail.com","network engineer","2024-07-01T16:04:00.000"
"417","Braun - Kuvalis","62276 Medhurst Coves","Port Bessiefield","90996838","Bria.Abbott60@yahoo.com","data analyst","2024-07-01T16:05:00.000"
"418","Miller - Schinner","5751 Hamill Summit","Eastvale","43697815","Ana_Buckridge@yahoo.com","software architect engineer","2024-07-01T16:06:00.000"
"419","Ferry - Hane","52184 Anais Burg","Susiebury","34382465","Minerva_DAmore39@gmail.com","network engineer","2024-07-01T16:07:00.000"
"420","Abshire - Moen","667 Davon Landing","Visalia","84871620","Tamia19@hotmail.com","software architect engineer","2024-07-01T16:08:00.000"
"421","Hodkiewicz - Vandervort","25476 Howell Court","Davisview","19314117","Jeremie.Mitchell58@gmail.com","data analyst","2024-07-01T16:09:00.000"
"422","Roberts Inc","46834 Lillie Club","New Jonas","14213224","Sigrid19@gmail.com","software architect engineer","2024-07-01T16:10:00.000"
"423","Jast, Beatty and Gulgowski","4855 Bechtelar Trail","Georgechester","91454472","Sabina.Kovacek@gmail.com","network engineer","2024-07-01T16:11:00.000"
"424","Brekke Inc","2158 Cole Loaf","East Abdieltown","71907960","Rico.Cartwright38@yahoo.com","network engineer","2024-07-01T16:12:00.000"
"425","Gulgowski, Tromp and Grant","35558 Anjali Meadow","Port Olgaville","01427247","Magali.Kilback@hotmail.com","data analyst","2024-07-01T16:13:00.000"
"426","Watsica LLC","99467 Spinka Lodge","Tuscaloosa","03675360","Lauryn.Parisian71@yahoo.com","business analyst","2024-07-01T16:14:00.000"
"427","Corwin - Zieme","597 Richie Spur","Port Jeanieport","46580111","Drake12@hotmail.com","software architect engineer","2024-07-01T16:15:00.000"
"428","Sauer and Sons","81068 Auer Plain","Kutchcester","82531937","Carolanne.Kulas34@hotmail.com","software architect engineer","2024-07-01T16:16:00.000"
"429","Metz - Hermann","3559 Bernier Hill","Port Arjun","81918457","Bryce_Watsica19@hotmail.com","cloud engineer","2024-07-01T16:17:00.000"
"430","Paucek, Emard and Towne","6015 Grimes Roads","Nicolasfurt","60595506","Ruthie_Osinski@hotmail.com","software architect engineer","2024-07-01T16:18:00.000"
"431","Prosacco - Schultz","93155 Garnet Views","Port Ricardobury","55343655","Leola20@yahoo.com","network engineer","2024-07-01T16:19:00.000"
"432","Medhurst Group","6589 Armand Green","Lake Jabarifort","77499031","Fiona_Konopelski69@gmail.com","business analyst","2024-07-01T16:20:00.000"
"433","O'Keefe, Langworth and Wilkinson","0328 Celia Stream","La Mesa","26815491","Delilah61@yahoo.com","cloud engineer","2024-07-01T16:21:00.000"
"434","Stark Group","42103 Karine Orchard","Alessialand","06745484","Iva57@gmail.com","cloud engineer","2024-07-01T16:22:00.000"
"435","Kihn, Rice and Bartell","8469 Franey Views","Port Devinhaven","58190014","Paris_Mitchell@yahoo.com","cloud engineer","2024-07-01T16:23:00.000"
"436","Morar LLC","5802 Ricardo Rest","Kingcester","14114150","Ella_Miller@hotmail.com","software architect engineer","2024-07-01T16:24:00.000"
"437","Gottlieb - Kshlerin","663 Alexie Meadows","Jeniferberg","82032784","Marshall39@gmail.com","software architect engineer","2024-07-01T16:25:00.000"
"438","Yundt, Schuppe and Wehner","850 Hilpert Track","Lake Lawsonton","43211993","Bill.Kuhlman65@hotmail.com","cloud engineer","2024-07-01T16:26:00.000"
"439","Lueilwitz Group","9386 Boyle Port","Krajcikville","88591440","Tremaine_Fadel97@yahoo.com","data analyst","2024-07-01T16:27:00.000"
"440","Mills - Wilkinson","203 Sanford Locks","Victorville","45067513","Katlynn1@gmail.com","data analyst","2024-07-01T16:28:00.000"
"441","Rice - Adams","82994 Amanda Fort","Port Moises","85702693","Deondre.Kozey81@gmail.com","business analyst","2024-07-01T16:29:00.000"
"442","Emard LLC","235 Corwin Rue","Cruzton","88573584","Miracle_Abernathy95@yahoo.com","network engineer","2024-07-01T16:30:00.000"
"443","Reilly Group","2130 Nienow Flat","Norenefort","78492874","Myra.Jones77@gmail.com","software architect engineer","2024-07-01T16:31:00.000"
"444","Cartwright, Borer and Paucek","1656 Smith Hill","New Sigurdberg","97056282","Stephanie_Pouros92@hotmail.com","data analyst","2024-07-01T16:32:00.000"
"445","Greenholt, Wolff and Leuschke","0272 Yvette Circle","Portland","74054018","Madalyn.Towne3@hotmail.com","cloud engineer","2024-07-01T16:33:00.000"
"446","Lebsack LLC","1807 Crystel Center","New Josefina","56035727","Tom17@hotmail.com","software architect engineer","2024-07-01T16:34:00.000"
"447","Wolf and Sons","98716 Viviane Curve","Fort Immanuel","46940688","Yadira54@hotmail.com","data analyst","2024-07-01T16:35:00.000"
"448","Schamberger - Satterfield","556 Jacobs Summit","Fort Perry","74622995","Richmond81@yahoo.com","network engineer","2024-07-01T16:36:00.000"
"449","Jones LLC","7439 Viviane Burg","New Lillian","38784563","Lamont74@yahoo.com","business analyst","2024-07-01T16:37:00.000"
"450","Durgan, Boyle and Schaefer","5783 Hermann Mews","Port Cesar","58544004","Albert_Stehr39@gmail.com","network engineer","2024-07-01T16:38:00.000"
"451","Leannon - Turner","7930 O'Conner Mountains","Fort Bernhardtown","03046603","Alexys_Mosciski10@hotmail.com","software architect engineer","2024-07-01T16:39:00.000"
"452","Gerhold LLC","698 Treutel Falls","Riceview","92624105","Meghan.Casper0@gmail.com","business analyst","2024-07-01T16:40:00.000"
"453","Gulgowski, Johnson and Cole","324 Okuneva Branch","Lake Odie","92233574","Neil_Schinner@hotmail.com","data analyst","2024-07-01T16:41:00.000"
"454","Ankunding LLC","266 Lorena Via","Hoffman Estates","15899813","Birdie13@hotmail.com","network engineer","2024-07-01T16:42:00.000"
"455","McLaughlin, Grimes and Reinger","99729 Schoen Underpass","Russellstad","93798757","Devonte_Glover@yahoo.com","data analyst","2024-07-01T16:43:00.000"
"456","Ratke, Pfannerstill and Schmidt","028 Marvin Cliffs","Morarside","74757027","Vance_Carroll36@hotmail.com","network engineer","2024-07-01T16:44:00.000"
"457","Stroman - Schoen","3497 Jayme Cove","East Jarredmouth","62072385","Orlando44@yahoo.com","network engineer","2024-07-01T16:45:00.000"
"458","Jacobson - Swift","974 Dooley Plaza","Cronabury","04691649","Suzanne.Cole@hotmail.com","software architect engineer","2024-07-01T16:46:00.000"
"459","Nolan LLC","44819 Rippin Way","Shaniyafort","13716532","Lori62@hotmail.com","cloud engineer","2024-07-01T16:47:00.000"
"460","MacGyver, Hansen and Bogan","18322 Gia Inlet","Adamsburgh","17743085","Dayton.Parker@hotmail.com","business analyst","2024-07-01T16:48:00.000"
"461","Dooley, Wolf and Stiedemann","30385 Ariel Road","Port Nyah","76226139","Virgie_Schoen@gmail.com","cloud engineer","2024-07-01T16:49:00.000"
"462","Abbott - Wehner","044 Kyler Loaf","New Tania","52848589","Alanna.Turcotte@hotmail.com","cloud engineer","2024-07-01T16:50:00.000"
"463","Mosciski - Deckow","68193 Block Pass","Concepcionfield","10926427","Raul_Ziemann@hotmail.com","network engineer","2024-07-01T16:51:00.000"
"464","Stark Inc","980 Buster Gateway","Lake Bradview","95433159","Cleve_Torp@hotmail.com","data analyst","2024-07-01T16:52:00.000"
"465","Borer - Kunde","62121 Wunsch Haven","Port Tryciaberg","23987078","Elias.Gulgowski8@gmail.com","business analyst","2024-07-01T16:53:00.000"
"466","Ratke - Crona","53862 Sanford Avenue","Bauchbury","97485144","German.Senger@hotmail.com","network engineer","2024-07-01T16:54:00.000"
"467","Schmidt - Bradtke","8528 Hodkiewicz Fork","Port Paris","12320777","Buddy_Sanford66@yahoo.com","network engineer","2024-07-01T16:55:00.000"
"468","Murphy, Mosciski and Turner","53061 Prosacco Glens","Gastonia","10797889","Brycen.Christiansen@yahoo.com","software architect engineer","2024-07-01T16:56:00.000"
"469","Bode Group","84399 Dibbert Mission","Lexiburgh","28606796","Velva87@yahoo.com","business analyst","2024-07-01T16:57:00.000"
"470","Stiedemann Group","95679 Corkery Valley","Lehigh Acres","64193483","Grant18@yahoo.com","business analyst","2024-07-01T16:58:00.000"
"471","Bruen, Lowe and Wilkinson","8044 Eddie Valleys","Gislasontown","05277215","Lavinia.Price@yahoo.com","cloud engineer","2024-07-01T16:59:00.000"
"472","Spencer - Dooley","7264 Casper Trail","East Einarstead","11282432","Keith41@hotmail.com","cloud engineer","2024-07-01T17:00:00.000"
"473","Hermiston, Hagenes and Jaskolski","085 Floy Cove","New Carolyne","33137408","Jeffrey_Hirthe@hotmail.com","business analyst","2024-07-01T17:01:00.000"
"474","Welch - Crooks","1390 Wilma Fort","Brianaland","57478922","Dangelo.Hand@gmail.com","software architect engineer","2024-07-01T17:02:00.000"
"475","Larkin - Dicki","12643 Fermin Shore","Maeganfort","54497145","Candida_Considine@hotmail.com","software architect engineer","2024-07-01T17:03:00.000"
"476","Rowe - Huel","389 West Ridges","Lake Cathyborough","92437875","Waldo.Kohler77@gmail.com","network engineer","2024-07-01T17:04:00.000"
"477","Moore and Sons","758 Blick Islands","West Imanifurt","01852543","Madisen.Schumm0@gmail.com","business analyst","2024-07-01T17:05:00.000"
"478","Franecki and Sons","673 Earline Crescent","Rancho Santa Margarita","45693674","Rebecca_Gottlieb@yahoo.com","cloud engineer","2024-07-01T17:06:00.000"
"479","Schulist, Moen and Kautzer","98257 Beahan Villages","Vestabury","97334039","Theodore.Stehr93@hotmail.com","data analyst","2024-07-01T17:07:00.000"
"480","Morissette, Turcotte and Schmidt","2125 Stefanie Lake","Fond du Lac","52043500","Susanna_Kreiger76@hotmail.com","software architect engineer","2024-07-01T17:08:00.000"
"481","Hayes, Dickens and Langworth","806 Claire Keys","Johnstonchester","49737417","Abdul.Feest52@yahoo.com","data analyst","2024-07-01T17:09:00.000"
"482","Kiehn - Braun","756 Fritsch Crossing","South Simoneview","31295000","Elton.Turner@gmail.com","cloud engineer","2024-07-01T17:10:00.000"
"483","Towne, Maggio and Grant","68403 Ezequiel Mall","Nikolausfurt","84216568","Gerhard56@gmail.com","software architect engineer","2024-07-01T17:11:00.000"
"484","Rice - Bauch","37966 Nolan Mission","Markview","49271201","Jalen.Haley@yahoo.com","business analyst","2024-07-01T17:12:00.000"
"485","Greenholt - Reichel","5226 Cassin Trail","Ivahland","95530828","Mona_Fritsch@yahoo.com","business analyst","2024-07-01T17:13:00.000"
"486","Batz, D'Amore and Volkman","0344 Conroy View","Eltoncester","40949382","Deonte_Durgan@hotmail.com","business analyst","2024-07-01T17:14:00.000"
"487","Abbott Inc","38895 Dibbert Creek","Dejuanbury","80602242","Reginald75@gmail.com","cloud engineer","2024-07-01T17:15:00.000"
"488","Greenholt - Swift","479 Schmidt Skyway","Sioux City","44331890","Kenya_Hackett@yahoo.com","network engineer","2024-07-01T17:16:00.000"
"489","Kris LLC","10172 Shanahan Cove","North Camillaborough","58085790","Corene5@gmail.com","software architect engineer","2024-07-01T17:17:00.000"
"490","Mills, Hermiston and Wilderman","03542 Janae Prairie","East Lillianahaven","06503173","Rogelio_Purdy@hotmail.com","data analyst","2024-07-01T17:18:00.000"
"491","Morissette, Labadie and Pfannerstill","8472 Trever Via","Casperfort","00115598","Katharina.Casper92@yahoo.com","software architect engineer","2024-07-01T17:19:00.000"
"492","Pfannerstill and Sons","1000 Alanis Union","Botsfordville","65272344","Omari93@hotmail.com","network engineer","2024-07-01T17:20:00.000"
"493","Bednar, Hoppe and Schamberger","11959 Stracke Points","Monserratbury","08836882","Jettie.Corwin@gmail.com","business analyst","2024-07-01T17:21:00.000"
"494","Lakin - Watsica","1617 Timmy Harbors","Morarcester","69407066","Eliezer13@yahoo.com","software architect engineer","2024-07-01T17:22:00.000"
"495","Jakubowski Inc","1797 Langworth Pass","Port Brooke","66871182","Charity36@gmail.com","business analyst","2024-07-01T17:23:00.000"
"496","Durgan - Anderson","52754 Volkman Coves","Ornton","41408040","Abdullah30@gmail.com","network engineer","2024-07-01T17:24:00.000"
"497","Brekke, Labadie and Wisozk","60295 McCullough Road","Ponce","64164526","Robbie_Murazik96@yahoo.com","network engineer","2024-07-01T17:25:00.000"
"498","Friesen, Klocko and Koepp","57846 Haskell Mission","Oakland","07324431","Eda32@yahoo.com","software architect engineer","2024-07-01T17:26:00.000"
"499","Cruickshank - Lockman","08583 Carmine Fort","Lake Faustoton","89142802","Yolanda_Dare@hotmail.com","cloud engineer","2024-07-01T17:27:00.000"
"500","Paucek - Collier","0920 Aleen Forks","Roseville","86600687","Kendra45@yahoo.com","cloud engineer","2024-07-01T09:44:00.000"

